{"cameraMode":{"drawMode":0,"name":"Shaded","section":"Shading Mode"},"sceneLighting":false,"audioPlay":false,"sceneViewState":{"showFog":false,"showMaterialUpdate":false,"showSkybox":false,"showFlares":false,"showImageEffects":false,"showParticleSystems":false},"in2DMode":false,"pivot":{"x":-1.1394133567810059,"y":2.9198508262634279,"z":-15.931199073791504},"rotation":{"x":-0.07475537061691284,"y":0.7267269492149353,"z":-0.08014431595802307,"w":-0.6782143115997315},"size":4.88112211227417,"orthographic":false}