{"cameraMode":{"drawMode":0,"name":"Shaded","section":"Shading Mode"},"sceneLighting":true,"audioPlay":false,"sceneViewState":{"showFog":false,"showMaterialUpdate":false,"showSkybox":false,"showFlares":false,"showImageEffects":false,"showParticleSystems":false},"in2DMode":false,"pivot":{"x":-0.43025341629981997,"y":-0.2659887969493866,"z":-9.881715774536133},"rotation":{"x":0.23117628693580628,"y":-0.0752134621143341,"z":0.01792892813682556,"w":0.9698364734649658},"size":16.949064254760743,"orthographic":false}