{"cameraMode":{"drawMode":0,"name":"Shaded","section":"Shading Mode"},"sceneLighting":true,"audioPlay":false,"sceneViewState":{"showFog":false,"showMaterialUpdate":false,"showSkybox":false,"showFlares":false,"showImageEffects":false,"showParticleSystems":false},"in2DMode":false,"pivot":{"x":-9.989080429077149,"y":1.802783489227295,"z":-9.61563777923584},"rotation":{"x":0.09897144138813019,"y":-0.526628851890564,"z":0.061897896230220798,"w":0.8420463800430298},"size":18.800521850585939,"orthographic":false}