{"cameraMode":{"drawMode":0,"name":"Shaded","section":"Shading Mode"},"sceneLighting":true,"audioPlay":false,"sceneViewState":{"showFog":false,"showMaterialUpdate":false,"showSkybox":false,"showFlares":false,"showImageEffects":false,"showParticleSystems":false},"in2DMode":false,"pivot":{"x":-0.8193771243095398,"y":3.3353147506713869,"z":-15.782197952270508},"rotation":{"x":0.11829567700624466,"y":-0.2632828652858734,"z":0.03254745900630951,"w":0.9568926095962524},"size":2.9867987632751467,"orthographic":false}