{"cameraMode":{"drawMode":0,"name":"Shaded","section":"Shading Mode"},"sceneLighting":true,"audioPlay":false,"sceneViewState":{"showFog":false,"showMaterialUpdate":false,"showSkybox":false,"showFlares":false,"showImageEffects":false,"showParticleSystems":false},"in2DMode":false,"pivot":{"x":0.5456177592277527,"y":-10.008132934570313,"z":28.730758666992189},"rotation":{"x":0.15684646368026734,"y":-0.0074074058793485168,"z":0.0011756379390135408,"w":0.9875993728637695},"size":60.46475601196289,"orthographic":false}