{"cameraMode":{"drawMode":0,"name":"Shaded","section":"Shading Mode"},"sceneLighting":true,"audioPlay":false,"sceneViewState":{"showFog":false,"showMaterialUpdate":false,"showSkybox":false,"showFlares":false,"showImageEffects":false,"showParticleSystems":false},"in2DMode":false,"pivot":{"x":-2.318372964859009,"y":2.0591847896575929,"z":-10.69514274597168},"rotation":{"x":0.02203153260052204,"y":-0.8505894541740418,"z":0.035744085907936099,"w":0.524191677570343},"size":1.758972406387329,"orthographic":false}